Survived,Pclass,Sex,Age,SibSp,Parch,Fare,Cabin,FamilySize,IsAlone,Embarked_Q,Embarked_S
0,3,1,22.0,1,0,7.25,Unknown,2,0,0,1
1,1,0,38.0,1,0,71.2833,C85,2,0,0,0
1,3,0,26.0,0,0,7.925,Unknown,1,1,0,1
1,1,0,35.0,1,0,53.1,C123,2,0,0,1
0,3,1,35.0,0,0,8.05,Unknown,1,1,0,1
0,3,1,28.0,0,0,8.4583,Unknown,1,1,1,0
0,1,1,54.0,0,0,51.8625,E46,1,1,0,1
0,3,1,2.0,3,1,21.075,Unknown,5,0,0,1
1,3,0,27.0,0,2,11.1333,Unknown,3,0,0,1
1,2,0,14.0,1,0,30.0708,Unknown,2,0,0,0
1,3,0,4.0,1,1,16.7,G6,3,0,0,1
1,1,0,58.0,0,0,26.55,C103,1,1,0,1
0,3,1,20.0,0,0,8.05,Unknown,1,1,0,1
0,3,1,39.0,1,5,31.275,Unknown,7,0,0,1
0,3,0,14.0,0,0,7.8542,Unknown,1,1,0,1
1,2,0,55.0,0,0,16.0,Unknown,1,1,0,1
0,3,1,2.0,4,1,29.125,Unknown,6,0,1,0
1,2,1,28.0,0,0,13.0,Unknown,1,1,0,1
0,3,0,31.0,1,0,18.0,Unknown,2,0,0,1
1,3,0,28.0,0,0,7.225,Unknown,1,1,0,0
0,2,1,35.0,0,0,26.0,Unknown,1,1,0,1
1,2,1,34.0,0,0,13.0,D56,1,1,0,1
1,3,0,15.0,0,0,8.0292,Unknown,1,1,1,0
1,1,1,28.0,0,0,35.5,A6,1,1,0,1
0,3,0,8.0,3,1,21.075,Unknown,5,0,0,1
1,3,0,38.0,1,5,31.3875,Unknown,7,0,0,1
0,3,1,28.0,0,0,7.225,Unknown,1,1,0,0
0,1,1,19.0,3,2,263.0,C23 C25 C27,6,0,0,1
1,3,0,28.0,0,0,7.8792,Unknown,1,1,1,0
0,3,1,28.0,0,0,7.8958,Unknown,1,1,0,1
0,1,1,40.0,0,0,27.7208,Unknown,1,1,0,0
1,1,0,28.0,1,0,146.5208,B78,2,0,0,0
1,3,0,28.0,0,0,7.75,Unknown,1,1,1,0
0,2,1,66.0,0,0,10.5,Unknown,1,1,0,1
0,1,1,28.0,1,0,82.1708,Unknown,2,0,0,0
0,1,1,42.0,1,0,52.0,Unknown,2,0,0,1
1,3,1,28.0,0,0,7.2292,Unknown,1,1,0,0
0,3,1,21.0,0,0,8.05,Unknown,1,1,0,1
0,3,0,18.0,2,0,18.0,Unknown,3,0,0,1
1,3,0,14.0,1,0,11.2417,Unknown,2,0,0,0
0,3,0,40.0,1,0,9.475,Unknown,2,0,0,1
0,2,0,27.0,1,0,21.0,Unknown,2,0,0,1
0,3,1,28.0,0,0,7.8958,Unknown,1,1,0,0
1,2,0,3.0,1,2,41.5792,Unknown,4,0,0,0
1,3,0,19.0,0,0,7.8792,Unknown,1,1,1,0
0,3,1,28.0,0,0,8.05,Unknown,1,1,0,1
0,3,1,28.0,1,0,15.5,Unknown,2,0,1,0
1,3,0,28.0,0,0,7.75,Unknown,1,1,1,0
0,3,1,28.0,2,0,21.6792,Unknown,3,0,0,0
0,3,0,18.0,1,0,17.8,Unknown,2,0,0,1
0,3,1,7.0,4,1,39.6875,Unknown,6,0,0,1
0,3,1,21.0,0,0,7.8,Unknown,1,1,0,1
1,1,0,49.0,1,0,76.7292,D33,2,0,0,0
1,2,0,29.0,1,0,26.0,Unknown,2,0,0,1
0,1,1,65.0,0,1,61.9792,B30,2,0,0,0
1,1,1,28.0,0,0,35.5,C52,1,1,0,1
1,2,0,21.0,0,0,10.5,Unknown,1,1,0,1
0,3,1,28.5,0,0,7.2292,Unknown,1,1,0,0
1,2,0,5.0,1,2,27.75,Unknown,4,0,0,1
0,3,1,11.0,5,2,46.9,Unknown,8,0,0,1
0,3,1,22.0,0,0,7.2292,Unknown,1,1,0,0
1,1,0,38.0,0,0,80.0,B28,1,1,0,1
0,1,1,45.0,1,0,83.475,C83,2,0,0,1
0,3,1,4.0,3,2,27.9,Unknown,6,0,0,1
0,1,1,28.0,0,0,27.7208,Unknown,1,1,0,0
1,3,1,28.0,1,1,15.2458,Unknown,3,0,0,0
1,2,0,29.0,0,0,10.5,F33,1,1,0,1
0,3,1,19.0,0,0,8.1583,Unknown,1,1,0,1
1,3,0,17.0,4,2,7.925,Unknown,7,0,0,1
0,3,1,26.0,2,0,8.6625,Unknown,3,0,0,1
0,2,1,32.0,0,0,10.5,Unknown,1,1,0,1
0,3,0,16.0,5,2,46.9,Unknown,8,0,0,1
0,2,1,21.0,0,0,73.5,Unknown,1,1,0,1
0,3,1,26.0,1,0,14.4542,Unknown,2,0,0,0
1,3,1,32.0,0,0,56.4958,Unknown,1,1,0,1
0,3,1,25.0,0,0,7.65,F G73,1,1,0,1
0,3,1,28.0,0,0,7.8958,Unknown,1,1,0,1
0,3,1,28.0,0,0,8.05,Unknown,1,1,0,1
1,2,1,0.83,0,2,29.0,Unknown,3,0,0,1
1,3,0,30.0,0,0,12.475,Unknown,1,1,0,1
0,3,1,22.0,0,0,9.0,Unknown,1,1,0,1
1,3,1,29.0,0,0,9.5,Unknown,1,1,0,1
1,3,0,28.0,0,0,7.7875,Unknown,1,1,1,0
0,1,1,28.0,0,0,47.1,Unknown,1,1,0,1
1,2,0,17.0,0,0,10.5,Unknown,1,1,0,1
1,3,0,33.0,3,0,15.85,Unknown,4,0,0,1
0,3,1,16.0,1,3,34.375,Unknown,5,0,0,1
0,3,1,28.0,0,0,8.05,Unknown,1,1,0,1
1,1,0,23.0,3,2,263.0,C23 C25 C27,6,0,0,1
0,3,1,24.0,0,0,8.05,Unknown,1,1,0,1
0,3,1,29.0,0,0,8.05,Unknown,1,1,0,1
0,3,1,20.0,0,0,7.8542,Unknown,1,1,0,1
0,1,1,46.0,1,0,61.175,E31,2,0,0,1
0,3,1,26.0,1,2,20.575,Unknown,4,0,0,1
0,3,1,59.0,0,0,7.25,Unknown,1,1,0,1
0,3,1,28.0,0,0,8.05,Unknown,1,1,0,1
0,1,1,71.0,0,0,34.6542,A5,1,1,0,0
1,1,1,23.0,0,1,63.3583,D10 D12,2,0,0,0
1,2,0,34.0,0,1,23.0,Unknown,2,0,0,1
0,2,1,34.0,1,0,26.0,Unknown,2,0,0,1
0,3,0,28.0,0,0,7.8958,Unknown,1,1,0,1
0,3,1,28.0,0,0,7.8958,Unknown,1,1,0,1
0,1,1,21.0,0,1,77.2875,D26,2,0,0,1
0,3,1,33.0,0,0,8.6542,Unknown,1,1,0,1
0,3,1,37.0,2,0,7.925,Unknown,3,0,0,1
0,3,1,28.0,0,0,7.8958,Unknown,1,1,0,1
1,3,0,21.0,0,0,7.65,Unknown,1,1,0,1
1,3,1,28.0,0,0,7.775,Unknown,1,1,0,1
0,3,1,38.0,0,0,7.8958,Unknown,1,1,0,1
1,3,0,28.0,1,0,24.15,Unknown,2,0,1,0
0,1,1,47.0,0,0,52.0,C110,1,1,0,1
0,3,0,14.5,1,0,14.4542,Unknown,2,0,0,0
0,3,1,22.0,0,0,8.05,Unknown,1,1,0,1
0,3,0,20.0,1,0,9.825,Unknown,2,0,0,1
0,3,0,17.0,0,0,14.4583,Unknown,1,1,0,0
0,3,1,21.0,0,0,7.925,Unknown,1,1,0,1
0,3,1,70.5,0,0,7.75,Unknown,1,1,1,0
0,2,1,29.0,1,0,21.0,Unknown,2,0,0,1
0,1,1,24.0,0,1,247.5208,B58 B60,2,0,0,0
0,3,0,2.0,4,2,31.275,Unknown,7,0,0,1
0,2,1,21.0,2,0,73.5,Unknown,3,0,0,1
0,3,1,28.0,0,0,8.05,Unknown,1,1,0,1
0,2,1,32.5,1,0,30.0708,Unknown,2,0,0,0
1,2,0,32.5,0,0,13.0,E101,1,1,0,1
0,1,1,54.0,0,1,77.2875,D26,2,0,0,1
1,3,1,12.0,1,0,11.2417,Unknown,2,0,0,0
0,3,1,28.0,0,0,7.75,Unknown,1,1,1,0
1,3,1,24.0,0,0,7.1417,Unknown,1,1,0,1
1,3,0,28.0,1,1,22.3583,F E69,3,0,0,0
0,3,1,45.0,0,0,6.975,Unknown,1,1,0,1
0,3,1,33.0,0,0,7.8958,Unknown,1,1,0,0
0,3,1,20.0,0,0,7.05,Unknown,1,1,0,1
0,3,0,47.0,1,0,14.5,Unknown,2,0,0,1
1,2,0,29.0,1,0,26.0,Unknown,2,0,0,1
0,2,1,25.0,0,0,13.0,Unknown,1,1,0,1
0,2,1,23.0,0,0,15.0458,Unknown,1,1,0,0
1,1,0,19.0,0,2,26.2833,D47,3,0,0,1
0,1,1,37.0,1,0,53.1,C123,2,0,0,1
0,3,1,16.0,0,0,9.2167,Unknown,1,1,0,1
0,1,1,24.0,0,0,79.2,B86,1,1,0,0
0,3,0,28.0,0,2,15.2458,Unknown,3,0,0,0
1,3,0,22.0,0,0,7.75,Unknown,1,1,0,1
1,3,0,24.0,1,0,15.85,Unknown,2,0,0,1
0,3,1,19.0,0,0,6.75,Unknown,1,1,1,0
0,2,1,18.0,0,0,11.5,Unknown,1,1,0,1
0,2,1,19.0,1,1,36.75,Unknown,3,0,0,1
1,3,1,27.0,0,0,7.7958,Unknown,1,1,0,1
0,3,0,9.0,2,2,34.375,Unknown,5,0,0,1
0,2,1,36.5,0,2,26.0,F2,3,0,0,1
0,2,1,42.0,0,0,13.0,Unknown,1,1,0,1
0,2,1,51.0,0,0,12.525,Unknown,1,1,0,1
1,1,0,22.0,1,0,66.6,C2,2,0,0,1
0,3,1,55.5,0,0,8.05,Unknown,1,1,0,1
0,3,1,40.5,0,2,14.5,Unknown,3,0,0,1
0,3,1,28.0,0,0,7.3125,Unknown,1,1,0,1
0,1,1,51.0,0,1,61.3792,Unknown,2,0,0,0
1,3,0,16.0,0,0,7.7333,Unknown,1,1,1,0
0,3,1,30.0,0,0,8.05,Unknown,1,1,0,1
0,3,1,28.0,0,0,8.6625,Unknown,1,1,0,1
0,3,1,28.0,8,2,69.55,Unknown,11,0,0,1
0,3,1,44.0,0,1,16.1,Unknown,2,0,0,1
1,2,0,40.0,0,0,15.75,Unknown,1,1,0,1
0,3,1,26.0,0,0,7.775,Unknown,1,1,0,1
0,3,1,17.0,0,0,8.6625,Unknown,1,1,0,1
0,3,1,1.0,4,1,39.6875,Unknown,6,0,0,1
1,3,1,9.0,0,2,20.525,Unknown,3,0,0,1
1,1,0,28.0,0,1,55.0,E33,2,0,0,1
0,3,0,45.0,1,4,27.9,Unknown,6,0,0,1
0,1,1,28.0,0,0,25.925,Unknown,1,1,0,1
0,3,1,28.0,0,0,56.4958,Unknown,1,1,0,1
0,1,1,61.0,0,0,33.5,B19,1,1,0,1
0,3,1,4.0,4,1,29.125,Unknown,6,0,1,0
1,3,0,1.0,1,1,11.1333,Unknown,3,0,0,1
0,3,1,21.0,0,0,7.925,Unknown,1,1,0,1
0,1,1,56.0,0,0,30.6958,A7,1,1,0,0
0,3,1,18.0,1,1,7.8542,Unknown,3,0,0,1
0,3,1,28.0,3,1,25.4667,Unknown,5,0,0,1
0,1,0,50.0,0,0,28.7125,C49,1,1,0,0
0,2,1,30.0,0,0,13.0,Unknown,1,1,0,1
0,3,1,36.0,0,0,0.0,Unknown,1,1,0,1
0,3,0,28.0,8,2,69.55,Unknown,11,0,0,1
0,2,1,28.0,0,0,15.05,Unknown,1,1,0,0
0,3,1,9.0,4,2,31.3875,Unknown,7,0,0,1
1,2,1,1.0,2,1,39.0,F4,4,0,0,1
1,3,0,4.0,0,2,22.025,Unknown,3,0,0,1
0,1,1,28.0,0,0,50.0,A32,1,1,0,1
1,3,0,28.0,1,0,15.5,Unknown,2,0,1,0
1,1,1,45.0,0,0,26.55,Unknown,1,1,0,1
0,3,1,40.0,1,1,15.5,Unknown,3,0,1,0
0,3,1,36.0,0,0,7.8958,Unknown,1,1,0,1
1,2,0,32.0,0,0,13.0,Unknown,1,1,0,1
0,2,1,19.0,0,0,13.0,Unknown,1,1,0,1
1,3,0,19.0,1,0,7.8542,Unknown,2,0,0,1
1,2,1,3.0,1,1,26.0,F2,3,0,0,1
1,1,0,44.0,0,0,27.7208,B4,1,1,0,0
1,1,0,58.0,0,0,146.5208,B80,1,1,0,0
0,3,1,28.0,0,0,7.75,Unknown,1,1,1,0
0,3,1,42.0,0,1,8.4042,Unknown,2,0,0,1
1,3,0,28.0,0,0,7.75,Unknown,1,1,1,0
0,2,0,24.0,0,0,13.0,Unknown,1,1,0,1
0,3,1,28.0,0,0,9.5,Unknown,1,1,0,1
0,3,1,28.0,8,2,69.55,Unknown,11,0,0,1
0,3,1,34.0,0,0,6.4958,Unknown,1,1,0,1
0,3,1,45.5,0,0,7.225,Unknown,1,1,0,0
1,3,1,18.0,0,0,8.05,Unknown,1,1,0,1
0,3,0,2.0,0,1,10.4625,G6,2,0,0,1
0,3,1,32.0,1,0,15.85,Unknown,2,0,0,1
1,3,1,26.0,0,0,18.7875,Unknown,1,1,0,0
1,3,0,16.0,0,0,7.75,Unknown,1,1,1,0
1,1,1,40.0,0,0,31.0,A31,1,1,0,0
0,3,1,24.0,0,0,7.05,Unknown,1,1,0,1
1,2,0,35.0,0,0,21.0,Unknown,1,1,0,1
0,3,1,22.0,0,0,7.25,Unknown,1,1,0,1
0,2,1,30.0,0,0,13.0,Unknown,1,1,0,1
0,3,1,28.0,1,0,7.75,Unknown,2,0,1,0
1,1,0,31.0,1,0,113.275,D36,2,0,0,0
1,3,0,27.0,0,0,7.925,Unknown,1,1,0,1
0,2,1,42.0,1,0,27.0,Unknown,2,0,0,1
1,1,0,32.0,0,0,76.2917,D15,1,1,0,0
0,2,1,30.0,0,0,10.5,Unknown,1,1,0,1
1,3,1,16.0,0,0,8.05,Unknown,1,1,0,1
0,2,1,27.0,0,0,13.0,Unknown,1,1,0,1
0,3,1,51.0,0,0,8.05,Unknown,1,1,0,1
0,3,1,28.0,0,0,7.8958,Unknown,1,1,0,1
1,1,1,38.0,1,0,90.0,C93,2,0,0,1
0,3,1,22.0,0,0,9.35,Unknown,1,1,0,1
1,2,1,19.0,0,0,10.5,Unknown,1,1,0,1
0,3,1,20.5,0,0,7.25,Unknown,1,1,0,1
0,2,1,18.0,0,0,13.0,Unknown,1,1,0,1
0,3,0,28.0,3,1,25.4667,Unknown,5,0,0,1
1,1,0,35.0,1,0,83.475,C83,2,0,0,1
0,3,1,29.0,0,0,7.775,Unknown,1,1,0,1
0,2,1,59.0,0,0,13.5,Unknown,1,1,0,1
1,3,0,5.0,4,2,31.3875,Unknown,7,0,0,1
0,2,1,24.0,0,0,10.5,Unknown,1,1,0,1
0,3,0,28.0,0,0,7.55,Unknown,1,1,0,1
0,2,1,44.0,1,0,26.0,Unknown,2,0,0,1
1,2,0,8.0,0,2,26.25,Unknown,3,0,0,1
0,2,1,19.0,0,0,10.5,Unknown,1,1,0,1
0,2,1,33.0,0,0,12.275,Unknown,1,1,0,1
0,3,0,28.0,1,0,14.4542,Unknown,2,0,0,0
1,3,0,28.0,1,0,15.5,Unknown,2,0,1,0
0,2,1,29.0,0,0,10.5,Unknown,1,1,0,1
0,3,1,22.0,0,0,7.125,Unknown,1,1,0,1
0,3,1,30.0,0,0,7.225,Unknown,1,1,0,0
0,1,1,44.0,2,0,90.0,C78,3,0,1,0
0,3,0,25.0,0,0,7.775,Unknown,1,1,0,1
1,2,0,24.0,0,2,14.5,Unknown,3,0,0,1
1,1,1,37.0,1,1,52.5542,D35,3,0,0,1
0,2,1,54.0,1,0,26.0,Unknown,2,0,0,1
0,3,1,28.0,0,0,7.25,Unknown,1,1,0,1
0,3,0,29.0,1,1,10.4625,G6,3,0,0,1
0,1,1,62.0,0,0,26.55,C87,1,1,0,1
0,3,1,30.0,1,0,16.1,Unknown,2,0,0,1
0,3,0,41.0,0,2,20.2125,Unknown,3,0,0,1
1,3,0,29.0,0,2,15.2458,Unknown,3,0,0,0
1,1,0,28.0,0,0,79.2,Unknown,1,1,0,0
1,1,0,30.0,0,0,86.5,B77,1,1,0,1
1,1,0,35.0,0,0,512.3292,Unknown,1,1,0,0
1,2,0,50.0,0,1,26.0,Unknown,2,0,0,1
0,3,1,28.0,0,0,7.75,Unknown,1,1,1,0
1,3,1,3.0,4,2,31.3875,Unknown,7,0,0,1
0,1,1,52.0,1,1,79.65,E67,3,0,0,1
0,1,1,40.0,0,0,0.0,B94,1,1,0,1
0,3,0,28.0,0,0,7.75,Unknown,1,1,1,0
0,2,1,36.0,0,0,10.5,Unknown,1,1,0,1
0,3,1,16.0,4,1,39.6875,Unknown,6,0,0,1
1,3,1,25.0,1,0,7.775,Unknown,2,0,0,1
1,1,0,58.0,0,1,153.4625,C125,2,0,0,1
1,1,0,35.0,0,0,135.6333,C99,1,1,0,1
0,1,1,28.0,0,0,31.0,Unknown,1,1,0,1
1,3,1,25.0,0,0,0.0,Unknown,1,1,0,1
1,2,0,41.0,0,1,19.5,Unknown,2,0,0,1
0,1,1,37.0,0,1,29.7,C118,2,0,0,0
1,3,0,28.0,0,0,7.75,Unknown,1,1,1,0
1,1,0,63.0,1,0,77.9583,D7,2,0,0,1
0,3,0,45.0,0,0,7.75,Unknown,1,1,0,1
0,2,1,28.0,0,0,0.0,Unknown,1,1,0,1
0,3,1,7.0,4,1,29.125,Unknown,6,0,1,0
1,3,0,35.0,1,1,20.25,Unknown,3,0,0,1
0,3,1,65.0,0,0,7.75,Unknown,1,1,1,0
0,3,1,28.0,0,0,7.8542,Unknown,1,1,0,1
0,3,1,16.0,0,0,9.5,Unknown,1,1,0,1
1,3,1,19.0,0,0,8.05,Unknown,1,1,0,1
0,1,1,28.0,0,0,26.0,A19,1,1,0,1
0,3,1,33.0,0,0,8.6625,Unknown,1,1,0,0
1,3,1,30.0,0,0,9.5,Unknown,1,1,0,1
0,3,1,22.0,0,0,7.8958,Unknown,1,1,0,1
1,2,1,42.0,0,0,13.0,Unknown,1,1,0,1
1,3,0,22.0,0,0,7.75,Unknown,1,1,1,0
1,1,0,26.0,0,0,78.85,Unknown,1,1,0,1
1,1,0,19.0,1,0,91.0792,B49,2,0,0,0
0,2,1,36.0,0,0,12.875,D,1,1,0,0
0,3,0,24.0,0,0,8.85,Unknown,1,1,0,1
0,3,1,24.0,0,0,7.8958,Unknown,1,1,0,1
0,1,1,28.0,0,0,27.7208,Unknown,1,1,0,0
0,3,1,23.5,0,0,7.2292,Unknown,1,1,0,0
0,1,0,2.0,1,2,151.55,C22 C26,4,0,0,1
1,1,1,28.0,0,0,30.5,C106,1,1,0,1
1,1,0,50.0,0,1,247.5208,B58 B60,2,0,0,0
1,3,0,28.0,0,0,7.75,Unknown,1,1,1,0
1,3,1,28.0,2,0,23.25,Unknown,3,0,1,0
0,3,1,19.0,0,0,0.0,Unknown,1,1,0,1
1,2,0,28.0,0,0,12.35,E101,1,1,1,0
0,3,1,28.0,0,0,8.05,Unknown,1,1,0,1
1,1,1,0.92,1,2,151.55,C22 C26,4,0,0,1
1,1,0,28.0,0,0,110.8833,Unknown,1,1,0,0
1,1,0,17.0,1,0,108.9,C65,2,0,0,0
0,2,1,30.0,1,0,24.0,Unknown,2,0,0,0
1,1,0,30.0,0,0,56.9292,E36,1,1,0,0
1,1,0,24.0,0,0,83.1583,C54,1,1,0,0
1,1,0,18.0,2,2,262.375,B57 B59 B63 B66,5,0,0,0
0,2,0,26.0,1,1,26.0,Unknown,3,0,0,1
0,3,1,28.0,0,0,7.8958,Unknown,1,1,0,1
0,2,1,43.0,1,1,26.25,Unknown,3,0,0,1
1,3,0,26.0,0,0,7.8542,Unknown,1,1,0,1
1,2,0,24.0,1,0,26.0,Unknown,2,0,0,1
0,2,1,54.0,0,0,14.0,Unknown,1,1,0,1
1,1,0,31.0,0,2,164.8667,C7,3,0,0,1
1,1,0,40.0,1,1,134.5,E34,3,0,0,0
0,3,1,22.0,0,0,7.25,Unknown,1,1,0,1
0,3,1,27.0,0,0,7.8958,Unknown,1,1,0,1
1,2,0,30.0,0,0,12.35,Unknown,1,1,1,0
1,2,0,22.0,1,1,29.0,Unknown,3,0,0,1
0,3,1,28.0,8,2,69.55,Unknown,11,0,0,1
1,1,0,36.0,0,0,135.6333,C32,1,1,0,0
0,3,1,61.0,0,0,6.2375,Unknown,1,1,0,1
1,2,0,36.0,0,0,13.0,D,1,1,0,1
1,3,0,31.0,1,1,20.525,Unknown,3,0,0,1
1,1,0,16.0,0,1,57.9792,B18,2,0,0,0
1,3,0,28.0,2,0,23.25,Unknown,3,0,1,0
0,1,1,45.5,0,0,28.5,C124,1,1,0,1
0,1,1,38.0,0,1,153.4625,C91,2,0,0,1
0,3,1,16.0,2,0,18.0,Unknown,3,0,0,1
1,1,0,28.0,1,0,133.65,Unknown,2,0,0,1
0,3,1,28.0,0,0,7.8958,Unknown,1,1,0,1
0,1,1,29.0,1,0,66.6,C2,2,0,0,1
1,1,0,41.0,0,0,134.5,E40,1,1,0,0
1,3,1,45.0,0,0,8.05,Unknown,1,1,0,1
0,1,1,45.0,0,0,35.5,T,1,1,0,1
1,2,1,2.0,1,1,26.0,F2,3,0,0,1
1,1,0,24.0,3,2,263.0,C23 C25 C27,6,0,0,1
0,2,1,28.0,0,0,13.0,Unknown,1,1,0,1
0,2,1,25.0,0,0,13.0,Unknown,1,1,0,1
0,2,1,36.0,0,0,13.0,Unknown,1,1,0,1
1,2,0,24.0,0,0,13.0,F33,1,1,0,1
1,2,0,40.0,0,0,13.0,Unknown,1,1,0,1
1,3,0,28.0,1,0,16.1,Unknown,2,0,0,1
1,3,1,3.0,1,1,15.9,Unknown,3,0,0,1
0,3,1,42.0,0,0,8.6625,Unknown,1,1,0,1
0,3,1,23.0,0,0,9.225,Unknown,1,1,0,1
0,1,1,28.0,0,0,35.0,C128,1,1,0,1
0,3,1,15.0,1,1,7.2292,Unknown,3,0,0,0
0,3,1,25.0,1,0,17.8,Unknown,2,0,0,1
0,3,1,28.0,0,0,7.225,Unknown,1,1,0,0
0,3,1,28.0,0,0,9.5,Unknown,1,1,0,1
1,1,0,22.0,0,1,55.0,E33,2,0,0,1
0,2,0,38.0,0,0,13.0,Unknown,1,1,0,1
1,3,0,28.0,0,0,7.8792,Unknown,1,1,1,0
1,3,0,28.0,0,0,7.8792,Unknown,1,1,1,0
0,3,1,40.0,1,4,27.9,Unknown,6,0,0,1
0,2,1,29.0,1,0,27.7208,Unknown,2,0,0,0
0,3,0,45.0,0,1,14.4542,Unknown,2,0,0,0
0,3,1,35.0,0,0,7.05,Unknown,1,1,0,1
0,3,1,28.0,1,0,15.5,Unknown,2,0,1,0
0,3,1,30.0,0,0,7.25,Unknown,1,1,0,1
1,1,0,60.0,1,0,75.25,D37,2,0,0,0
1,3,0,28.0,0,0,7.2292,Unknown,1,1,0,0
1,3,0,28.0,0,0,7.75,Unknown,1,1,1,0
1,1,0,24.0,0,0,69.3,B35,1,1,0,0
1,1,1,25.0,1,0,55.4417,E50,2,0,0,0
0,3,1,18.0,1,0,6.4958,Unknown,2,0,0,1
0,3,1,19.0,0,0,8.05,Unknown,1,1,0,1
0,1,1,22.0,0,0,135.6333,Unknown,1,1,0,0
0,3,0,3.0,3,1,21.075,Unknown,5,0,0,1
1,1,0,28.0,1,0,82.1708,Unknown,2,0,0,0
1,3,0,22.0,0,0,7.25,Unknown,1,1,0,1
0,1,1,27.0,0,2,211.5,C82,3,0,0,0
0,3,1,20.0,0,0,4.0125,Unknown,1,1,0,0
0,3,1,19.0,0,0,7.775,Unknown,1,1,0,1
1,1,0,42.0,0,0,227.525,Unknown,1,1,0,0
1,3,0,1.0,0,2,15.7417,Unknown,3,0,0,0
0,3,1,32.0,0,0,7.925,Unknown,1,1,0,1
1,1,0,35.0,1,0,52.0,Unknown,2,0,0,1
0,3,1,28.0,0,0,7.8958,Unknown,1,1,0,1
0,2,1,18.0,0,0,73.5,Unknown,1,1,0,1
0,3,1,1.0,5,2,46.9,Unknown,8,0,0,1
1,2,0,36.0,0,0,13.0,Unknown,1,1,0,1
0,3,1,28.0,0,0,7.7292,Unknown,1,1,1,0
1,2,0,17.0,0,0,12.0,Unknown,1,1,0,0
1,1,1,36.0,1,2,120.0,B96 B98,4,0,0,1
1,3,1,21.0,0,0,7.7958,Unknown,1,1,0,1
0,3,1,28.0,2,0,7.925,Unknown,3,0,0,1
1,1,0,23.0,1,0,113.275,D36,2,0,0,0
1,3,0,24.0,0,2,16.7,G6,3,0,0,1
0,3,1,22.0,0,0,7.7958,Unknown,1,1,0,1
0,3,0,31.0,0,0,7.8542,Unknown,1,1,0,1
0,2,1,46.0,0,0,26.0,Unknown,1,1,0,1
0,2,1,23.0,0,0,10.5,Unknown,1,1,0,1
1,2,0,28.0,0,0,12.65,Unknown,1,1,0,1
1,3,1,39.0,0,0,7.925,Unknown,1,1,0,1
0,3,1,26.0,0,0,8.05,Unknown,1,1,0,1
0,3,0,21.0,1,0,9.825,Unknown,2,0,0,1
0,3,1,28.0,1,0,15.85,Unknown,2,0,0,1
0,3,0,20.0,0,0,8.6625,Unknown,1,1,0,1
0,2,1,34.0,1,0,21.0,Unknown,2,0,0,1
0,3,1,51.0,0,0,7.75,Unknown,1,1,0,1
1,2,1,3.0,1,1,18.75,Unknown,3,0,0,1
0,3,1,21.0,0,0,7.775,Unknown,1,1,0,1
0,3,0,28.0,3,1,25.4667,Unknown,5,0,0,1
0,3,1,28.0,0,0,7.8958,Unknown,1,1,0,1
0,3,1,28.0,0,0,6.8583,Unknown,1,1,1,0
1,1,0,33.0,1,0,90.0,C78,2,0,1,0
0,2,1,28.0,0,0,0.0,Unknown,1,1,0,1
1,3,1,44.0,0,0,7.925,Unknown,1,1,0,1
0,3,0,28.0,0,0,8.05,Unknown,1,1,0,1
1,2,0,34.0,1,1,32.5,Unknown,3,0,0,1
1,2,0,18.0,0,2,13.0,Unknown,3,0,0,1
0,2,1,30.0,0,0,13.0,Unknown,1,1,0,1
0,3,0,10.0,0,2,24.15,Unknown,3,0,0,1
0,3,1,28.0,0,0,7.8958,Unknown,1,1,0,0
0,3,1,21.0,0,0,7.7333,Unknown,1,1,1,0
0,3,1,29.0,0,0,7.875,Unknown,1,1,0,1
0,3,0,28.0,1,1,14.4,Unknown,3,0,0,1
0,3,1,18.0,1,1,20.2125,Unknown,3,0,0,1
0,3,1,28.0,0,0,7.25,Unknown,1,1,0,1
1,2,0,28.0,1,0,26.0,Unknown,2,0,0,1
1,2,0,19.0,0,0,26.0,Unknown,1,1,0,1
0,3,1,28.0,0,0,7.75,Unknown,1,1,1,0
1,3,1,32.0,0,0,8.05,E10,1,1,0,1
1,1,1,28.0,0,0,26.55,C52,1,1,0,1
1,3,0,28.0,1,0,16.1,Unknown,2,0,0,1
1,2,0,42.0,1,0,26.0,Unknown,2,0,0,1
0,3,1,17.0,0,0,7.125,Unknown,1,1,0,1
0,1,1,50.0,1,0,55.9,E44,2,0,0,1
1,1,0,14.0,1,2,120.0,B96 B98,4,0,0,1
0,3,0,21.0,2,2,34.375,Unknown,5,0,0,1
1,2,0,24.0,2,3,18.75,Unknown,6,0,0,1
0,1,1,64.0,1,4,263.0,C23 C25 C27,6,0,0,1
0,2,1,31.0,0,0,10.5,Unknown,1,1,0,1
1,2,0,45.0,1,1,26.25,Unknown,3,0,0,1
0,3,1,20.0,0,0,9.5,Unknown,1,1,0,1
0,3,1,25.0,1,0,7.775,Unknown,2,0,0,1
1,2,0,28.0,0,0,13.0,Unknown,1,1,0,1
1,3,1,28.0,0,0,8.1125,Unknown,1,1,0,1
1,1,1,4.0,0,2,81.8583,A34,3,0,0,1
1,2,0,13.0,0,1,19.5,Unknown,2,0,0,1
1,1,1,34.0,0,0,26.55,Unknown,1,1,0,1
1,3,0,5.0,2,1,19.2583,Unknown,4,0,0,0
1,1,1,52.0,0,0,30.5,C104,1,1,0,1
0,2,1,36.0,1,2,27.75,Unknown,4,0,0,1
0,3,1,28.0,1,0,19.9667,Unknown,2,0,0,1
0,1,1,30.0,0,0,27.75,C111,1,1,0,0
1,1,1,49.0,1,0,89.1042,C92,2,0,0,0
0,3,1,28.0,0,0,8.05,Unknown,1,1,0,1
1,3,1,29.0,0,0,7.8958,Unknown,1,1,0,0
0,1,1,65.0,0,0,26.55,E38,1,1,0,1
1,1,0,28.0,1,0,51.8625,D21,2,0,0,1
1,2,0,50.0,0,0,10.5,Unknown,1,1,0,1
0,3,1,28.0,0,0,7.75,Unknown,1,1,1,0
1,1,1,48.0,0,0,26.55,E12,1,1,0,1
0,3,1,34.0,0,0,8.05,Unknown,1,1,0,1
0,1,1,47.0,0,0,38.5,E63,1,1,0,1
0,2,1,48.0,0,0,13.0,Unknown,1,1,0,1
0,3,1,28.0,0,0,8.05,Unknown,1,1,0,1
0,3,1,38.0,0,0,7.05,Unknown,1,1,0,1
0,2,1,28.0,0,0,0.0,Unknown,1,1,0,1
0,1,1,56.0,0,0,26.55,Unknown,1,1,0,1
0,3,1,28.0,0,0,7.725,Unknown,1,1,1,0
1,3,0,0.75,2,1,19.2583,Unknown,4,0,0,0
0,3,1,28.0,0,0,7.25,Unknown,1,1,0,1
0,3,1,38.0,0,0,8.6625,Unknown,1,1,0,1
1,2,0,33.0,1,2,27.75,Unknown,4,0,0,1
1,2,0,23.0,0,0,13.7917,D,1,1,0,0
0,3,0,22.0,0,0,9.8375,Unknown,1,1,0,1
0,1,1,28.0,0,0,52.0,A14,1,1,0,1
0,2,1,34.0,1,0,21.0,Unknown,2,0,0,1
0,3,1,29.0,1,0,7.0458,Unknown,2,0,0,1
0,3,1,22.0,0,0,7.5208,Unknown,1,1,0,1
1,3,0,2.0,0,1,12.2875,Unknown,2,0,0,1
0,3,1,9.0,5,2,46.9,Unknown,8,0,0,1
0,2,1,28.0,0,0,0.0,Unknown,1,1,0,1
0,3,1,50.0,0,0,8.05,Unknown,1,1,0,1
1,3,0,63.0,0,0,9.5875,Unknown,1,1,0,1
1,1,1,25.0,1,0,91.0792,B49,2,0,0,0
0,3,0,28.0,3,1,25.4667,Unknown,5,0,0,1
1,1,0,35.0,1,0,90.0,C93,2,0,0,1
0,1,1,58.0,0,0,29.7,B37,1,1,0,0
0,3,1,30.0,0,0,8.05,Unknown,1,1,0,1
1,3,1,9.0,1,1,15.9,Unknown,3,0,0,1
0,3,1,28.0,1,0,19.9667,Unknown,2,0,0,1
0,3,1,21.0,0,0,7.25,Unknown,1,1,0,1
0,1,1,55.0,0,0,30.5,C30,1,1,0,1
0,1,1,71.0,0,0,49.5042,Unknown,1,1,0,0
0,3,1,21.0,0,0,8.05,Unknown,1,1,0,1
0,3,1,28.0,0,0,14.4583,Unknown,1,1,0,0
1,1,0,54.0,1,0,78.2667,D20,2,0,0,0
0,3,1,28.0,0,0,15.1,Unknown,1,1,0,1
0,1,0,25.0,1,2,151.55,C22 C26,4,0,0,1
0,3,1,24.0,0,0,7.7958,Unknown,1,1,0,1
0,3,1,17.0,0,0,8.6625,Unknown,1,1,0,1
0,3,0,21.0,0,0,7.75,Unknown,1,1,1,0
0,3,0,28.0,0,0,7.6292,Unknown,1,1,1,0
0,3,0,37.0,0,0,9.5875,Unknown,1,1,0,1
1,1,0,16.0,0,0,86.5,B79,1,1,0,1
0,1,1,18.0,1,0,108.9,C65,2,0,0,0
1,2,0,33.0,0,2,26.0,Unknown,3,0,0,1
1,1,1,28.0,0,0,26.55,Unknown,1,1,0,1
0,3,1,28.0,0,0,22.525,Unknown,1,1,0,1
1,3,1,26.0,0,0,56.4958,Unknown,1,1,0,1
1,3,1,29.0,0,0,7.75,Unknown,1,1,1,0
0,3,1,28.0,0,0,8.05,Unknown,1,1,0,1
1,1,1,36.0,0,0,26.2875,E25,1,1,0,1
1,1,0,54.0,1,0,59.4,Unknown,2,0,0,0
0,3,1,24.0,0,0,7.4958,Unknown,1,1,0,1
0,1,1,47.0,0,0,34.0208,D46,1,1,0,1
1,2,0,34.0,0,0,10.5,F33,1,1,0,1
0,3,1,28.0,0,0,24.15,Unknown,1,1,1,0
1,2,0,36.0,1,0,26.0,Unknown,2,0,0,1
0,3,1,32.0,0,0,7.8958,Unknown,1,1,0,1
1,1,0,30.0,0,0,93.5,B73,1,1,0,1
0,3,1,22.0,0,0,7.8958,Unknown,1,1,0,1
0,3,1,28.0,0,0,7.225,Unknown,1,1,0,0
1,1,0,44.0,0,1,57.9792,B18,2,0,0,0
0,3,1,28.0,0,0,7.2292,Unknown,1,1,0,0
0,3,1,40.5,0,0,7.75,Unknown,1,1,1,0
1,2,0,50.0,0,0,10.5,Unknown,1,1,0,1
0,1,1,28.0,0,0,221.7792,C95,1,1,0,1
0,3,1,39.0,0,0,7.925,Unknown,1,1,0,1
0,2,1,23.0,2,1,11.5,Unknown,4,0,0,1
1,2,0,2.0,1,1,26.0,Unknown,3,0,0,1
0,3,1,28.0,0,0,7.2292,Unknown,1,1,0,0
0,3,1,17.0,1,1,7.2292,Unknown,3,0,0,0
1,3,0,28.0,0,2,22.3583,Unknown,3,0,0,0
0,3,0,30.0,0,0,8.6625,Unknown,1,1,0,1
1,2,0,7.0,0,2,26.25,Unknown,3,0,0,1
0,1,1,45.0,0,0,26.55,B38,1,1,0,1
1,1,0,30.0,0,0,106.425,Unknown,1,1,0,0
0,3,1,28.0,0,0,14.5,Unknown,1,1,0,1
1,1,0,22.0,0,2,49.5,B39,3,0,0,0
1,1,0,36.0,0,2,71.0,B22,3,0,0,1
0,3,0,9.0,4,2,31.275,Unknown,7,0,0,1
0,3,0,11.0,4,2,31.275,Unknown,7,0,0,1
1,2,1,32.0,1,0,26.0,Unknown,2,0,0,1
0,1,1,50.0,1,0,106.425,C86,2,0,0,0
0,1,1,64.0,0,0,26.0,Unknown,1,1,0,1
1,2,0,19.0,1,0,26.0,Unknown,2,0,0,1
1,2,1,28.0,0,0,13.8625,Unknown,1,1,0,0
0,3,1,33.0,1,1,20.525,Unknown,3,0,0,1
1,2,1,8.0,1,1,36.75,Unknown,3,0,0,1
1,1,1,17.0,0,2,110.8833,C70,3,0,0,0
0,2,1,27.0,0,0,26.0,Unknown,1,1,0,1
0,3,1,28.0,0,0,7.8292,Unknown,1,1,1,0
1,3,1,22.0,0,0,7.225,Unknown,1,1,0,0
1,3,0,22.0,0,0,7.775,Unknown,1,1,0,1
0,1,1,62.0,0,0,26.55,Unknown,1,1,0,1
1,1,0,48.0,1,0,39.6,A16,2,0,0,0
0,1,1,28.0,0,0,227.525,Unknown,1,1,0,0
1,1,0,39.0,1,1,79.65,E67,3,0,0,1
1,3,0,36.0,1,0,17.4,Unknown,2,0,0,1
0,3,1,28.0,0,0,7.75,Unknown,1,1,1,0
0,3,1,40.0,0,0,7.8958,Unknown,1,1,0,1
0,2,1,28.0,0,0,13.5,Unknown,1,1,0,1
0,3,1,28.0,0,0,8.05,Unknown,1,1,0,1
0,3,0,28.0,0,0,8.05,Unknown,1,1,0,1
0,3,1,24.0,2,0,24.15,Unknown,3,0,0,1
0,3,1,19.0,0,0,7.8958,Unknown,1,1,0,1
0,3,0,29.0,0,4,21.075,Unknown,5,0,0,1
0,3,1,28.0,0,0,7.2292,Unknown,1,1,0,0
1,3,1,32.0,0,0,7.8542,Unknown,1,1,0,1
1,2,1,62.0,0,0,10.5,Unknown,1,1,0,1
1,1,0,53.0,2,0,51.4792,C101,3,0,0,1
1,1,1,36.0,0,0,26.3875,E25,1,1,0,1
1,3,0,28.0,0,0,7.75,Unknown,1,1,1,0
0,3,1,16.0,0,0,8.05,Unknown,1,1,0,1
0,3,1,19.0,0,0,14.5,Unknown,1,1,0,1
1,2,0,34.0,0,0,13.0,Unknown,1,1,0,1
1,1,0,39.0,1,0,55.9,E44,2,0,0,1
0,3,0,28.0,1,0,14.4583,Unknown,2,0,0,0
1,3,1,32.0,0,0,7.925,Unknown,1,1,0,1
1,2,0,25.0,1,1,30.0,Unknown,3,0,0,1
1,1,0,39.0,1,1,110.8833,C68,3,0,0,0
0,2,1,54.0,0,0,26.0,Unknown,1,1,0,1
0,1,1,36.0,0,0,40.125,A10,1,1,0,0
0,3,1,28.0,0,0,8.7125,Unknown,1,1,0,0
1,1,0,18.0,0,2,79.65,E68,3,0,0,1
0,2,1,47.0,0,0,15.0,Unknown,1,1,0,1
1,1,1,60.0,1,1,79.2,B41,3,0,0,0
0,3,1,22.0,0,0,8.05,Unknown,1,1,0,1
0,3,1,28.0,0,0,8.05,Unknown,1,1,0,1
0,3,1,35.0,0,0,7.125,Unknown,1,1,0,1
1,1,0,52.0,1,0,78.2667,D20,2,0,0,0
0,3,1,47.0,0,0,7.25,Unknown,1,1,0,1
0,3,0,28.0,0,2,7.75,Unknown,3,0,1,0
0,2,1,37.0,1,0,26.0,Unknown,2,0,0,1
0,3,1,36.0,1,1,24.15,Unknown,3,0,0,1
1,2,0,28.0,0,0,33.0,Unknown,1,1,0,1
0,3,1,49.0,0,0,0.0,Unknown,1,1,0,1
0,3,1,28.0,0,0,7.225,Unknown,1,1,0,0
1,1,1,49.0,1,0,56.9292,A20,2,0,0,0
1,2,0,24.0,2,1,27.0,Unknown,4,0,0,1
0,3,1,28.0,0,0,7.8958,Unknown,1,1,0,1
0,1,1,28.0,0,0,42.4,Unknown,1,1,0,1
0,3,1,44.0,0,0,8.05,Unknown,1,1,0,1
1,1,1,35.0,0,0,26.55,Unknown,1,1,0,0
0,3,1,36.0,1,0,15.55,Unknown,2,0,0,1
0,3,1,30.0,0,0,7.8958,Unknown,1,1,0,1
1,1,1,27.0,0,0,30.5,Unknown,1,1,0,1
1,2,0,22.0,1,2,41.5792,Unknown,4,0,0,0
1,1,0,40.0,0,0,153.4625,C125,1,1,0,1
0,3,0,39.0,1,5,31.275,Unknown,7,0,0,1
0,3,1,28.0,0,0,7.05,Unknown,1,1,0,1
1,3,0,28.0,1,0,15.5,Unknown,2,0,1,0
0,3,1,28.0,0,0,7.75,Unknown,1,1,1,0
0,3,1,35.0,0,0,8.05,Unknown,1,1,0,1
1,2,0,24.0,1,2,65.0,Unknown,4,0,0,1
0,3,1,34.0,1,1,14.4,Unknown,3,0,0,1
0,3,0,26.0,1,0,16.1,Unknown,2,0,0,1
1,2,0,4.0,2,1,39.0,F4,4,0,0,1
0,2,1,26.0,0,0,10.5,Unknown,1,1,0,1
0,3,1,27.0,1,0,14.4542,Unknown,2,0,0,0
1,1,1,42.0,1,0,52.5542,D19,2,0,0,1
1,3,1,20.0,1,1,15.7417,Unknown,3,0,0,0
0,3,1,21.0,0,0,7.8542,Unknown,1,1,0,1
0,3,1,21.0,0,0,16.1,Unknown,1,1,0,1
0,1,1,61.0,0,0,32.3208,D50,1,1,0,1
0,2,1,57.0,0,0,12.35,Unknown,1,1,1,0
1,1,0,21.0,0,0,77.9583,D9,1,1,0,1
0,3,1,26.0,0,0,7.8958,Unknown,1,1,0,1
0,3,1,28.0,0,0,7.7333,Unknown,1,1,1,0
1,1,1,80.0,0,0,30.0,A23,1,1,0,1
0,3,1,51.0,0,0,7.0542,Unknown,1,1,0,1
1,1,1,32.0,0,0,30.5,B50,1,1,0,0
0,1,1,28.0,0,0,0.0,Unknown,1,1,0,1
0,3,0,9.0,3,2,27.9,Unknown,6,0,0,1
1,2,0,28.0,0,0,13.0,Unknown,1,1,0,1
0,3,1,32.0,0,0,7.925,Unknown,1,1,0,1
0,2,1,31.0,1,1,26.25,Unknown,3,0,0,1
0,3,0,41.0,0,5,39.6875,Unknown,6,0,0,1
0,3,1,28.0,1,0,16.1,Unknown,2,0,0,1
0,3,1,20.0,0,0,7.8542,Unknown,1,1,0,1
1,1,0,24.0,0,0,69.3,B35,1,1,0,0
0,3,0,2.0,3,2,27.9,Unknown,6,0,0,1
1,3,1,28.0,0,0,56.4958,Unknown,1,1,0,1
1,3,0,0.75,2,1,19.2583,Unknown,4,0,0,0
1,1,1,48.0,1,0,76.7292,D33,2,0,0,0
0,3,1,19.0,0,0,7.8958,Unknown,1,1,0,1
1,1,1,56.0,0,0,35.5,A26,1,1,0,0
0,3,1,28.0,0,0,7.55,Unknown,1,1,0,1
1,3,0,23.0,0,0,7.55,Unknown,1,1,0,1
0,3,1,28.0,0,0,7.8958,Unknown,1,1,0,1
1,2,0,18.0,0,1,23.0,Unknown,2,0,0,1
0,3,1,21.0,0,0,8.4333,Unknown,1,1,0,1
1,3,0,28.0,0,0,7.8292,Unknown,1,1,1,0
0,3,0,18.0,0,0,6.75,Unknown,1,1,1,0
0,2,1,24.0,2,0,73.5,Unknown,3,0,0,1
0,3,1,28.0,0,0,7.8958,Unknown,1,1,0,1
0,3,0,32.0,1,1,15.5,Unknown,3,0,1,0
0,2,1,23.0,0,0,13.0,Unknown,1,1,0,1
0,1,1,58.0,0,2,113.275,D48,3,0,0,0
1,1,1,50.0,2,0,133.65,Unknown,3,0,0,1
0,3,1,40.0,0,0,7.225,Unknown,1,1,0,0
0,1,1,47.0,0,0,25.5875,E58,1,1,0,1
0,3,1,36.0,0,0,7.4958,Unknown,1,1,0,1
1,3,1,20.0,1,0,7.925,Unknown,2,0,0,1
0,2,1,32.0,2,0,73.5,Unknown,3,0,0,1
0,2,1,25.0,0,0,13.0,Unknown,1,1,0,1
0,3,1,28.0,0,0,7.775,Unknown,1,1,0,1
0,3,1,43.0,0,0,8.05,Unknown,1,1,0,1
1,1,0,28.0,1,0,52.0,C126,2,0,0,1
1,2,0,40.0,1,1,39.0,Unknown,3,0,0,1
0,1,1,31.0,1,0,52.0,B71,2,0,0,1
0,2,1,70.0,0,0,10.5,Unknown,1,1,0,1
1,2,1,31.0,0,0,13.0,Unknown,1,1,0,1
0,2,1,28.0,0,0,0.0,Unknown,1,1,0,1
0,3,1,18.0,0,0,7.775,Unknown,1,1,0,1
0,3,1,24.5,0,0,8.05,Unknown,1,1,0,1
1,3,0,18.0,0,0,9.8417,Unknown,1,1,0,1
0,3,0,43.0,1,6,46.9,Unknown,8,0,0,1
1,1,1,36.0,0,1,512.3292,B51 B53 B55,2,0,0,0
0,3,0,28.0,0,0,8.1375,Unknown,1,1,1,0
1,1,1,27.0,0,0,76.7292,D49,1,1,0,0
0,3,1,20.0,0,0,9.225,Unknown,1,1,0,1
0,3,1,14.0,5,2,46.9,Unknown,8,0,0,1
0,2,1,60.0,1,1,39.0,Unknown,3,0,0,1
0,2,1,25.0,1,2,41.5792,Unknown,4,0,0,0
0,3,1,14.0,4,1,39.6875,Unknown,6,0,0,1
0,3,1,19.0,0,0,10.1708,Unknown,1,1,0,1
0,3,1,18.0,0,0,7.7958,Unknown,1,1,0,1
1,1,0,15.0,0,1,211.3375,B5,2,0,0,1
1,1,1,31.0,1,0,57.0,B20,2,0,0,1
1,3,0,4.0,0,1,13.4167,Unknown,2,0,0,0
1,3,1,28.0,0,0,56.4958,Unknown,1,1,0,1
0,3,1,25.0,0,0,7.225,Unknown,1,1,0,0
0,1,1,60.0,0,0,26.55,Unknown,1,1,0,1
0,2,1,52.0,0,0,13.5,Unknown,1,1,0,1
0,3,1,44.0,0,0,8.05,Unknown,1,1,0,1
1,3,0,28.0,0,0,7.7333,Unknown,1,1,1,0
0,1,1,49.0,1,1,110.8833,C68,3,0,0,0
0,3,1,42.0,0,0,7.65,F G63,1,1,0,1
1,1,0,18.0,1,0,227.525,C62 C64,2,0,0,0
1,1,1,35.0,0,0,26.2875,E24,1,1,0,1
0,3,0,18.0,0,1,14.4542,Unknown,2,0,0,0
0,3,1,25.0,0,0,7.7417,Unknown,1,1,1,0
0,3,1,26.0,1,0,7.8542,Unknown,2,0,0,1
0,2,1,39.0,0,0,26.0,Unknown,1,1,0,1
1,2,0,45.0,0,0,13.5,Unknown,1,1,0,1
1,1,1,42.0,0,0,26.2875,E24,1,1,0,1
1,1,0,22.0,0,0,151.55,Unknown,1,1,0,1
1,3,1,28.0,1,1,15.2458,Unknown,3,0,0,0
1,1,0,24.0,0,0,49.5042,C90,1,1,0,0
0,1,1,28.0,0,0,26.55,C124,1,1,0,1
1,1,1,48.0,1,0,52.0,C126,2,0,0,1
0,3,1,29.0,0,0,9.4833,Unknown,1,1,0,1
0,2,1,52.0,0,0,13.0,Unknown,1,1,0,1
0,3,1,19.0,0,0,7.65,F G73,1,1,0,1
1,1,0,38.0,0,0,227.525,C45,1,1,0,0
1,2,0,27.0,0,0,10.5,E101,1,1,0,1
0,3,1,28.0,0,0,15.5,Unknown,1,1,1,0
0,3,1,33.0,0,0,7.775,Unknown,1,1,0,1
1,2,0,6.0,0,1,33.0,Unknown,2,0,0,1
0,3,1,17.0,1,0,7.0542,Unknown,2,0,0,1
0,2,1,34.0,0,0,13.0,Unknown,1,1,0,1
0,2,1,50.0,0,0,13.0,Unknown,1,1,0,1
1,1,1,27.0,1,0,53.1,E8,2,0,0,1
0,3,1,20.0,0,0,8.6625,Unknown,1,1,0,1
1,2,0,30.0,3,0,21.0,Unknown,4,0,0,1
1,3,0,28.0,0,0,7.7375,Unknown,1,1,1,0
0,2,1,25.0,1,0,26.0,Unknown,2,0,0,1
0,3,0,25.0,1,0,7.925,Unknown,2,0,0,1
1,1,0,29.0,0,0,211.3375,B5,1,1,0,1
0,3,1,11.0,0,0,18.7875,Unknown,1,1,0,0
0,2,1,28.0,0,0,0.0,Unknown,1,1,0,1
0,2,1,23.0,0,0,13.0,Unknown,1,1,0,1
0,2,1,23.0,0,0,13.0,Unknown,1,1,0,1
0,3,1,28.5,0,0,16.1,Unknown,1,1,0,1
0,3,0,48.0,1,3,34.375,Unknown,5,0,0,1
1,1,1,35.0,0,0,512.3292,B101,1,1,0,0
0,3,1,28.0,0,0,7.8958,Unknown,1,1,0,1
0,3,1,28.0,0,0,7.8958,Unknown,1,1,0,1
1,1,1,28.0,0,0,30.0,D45,1,1,0,1
0,1,1,36.0,1,0,78.85,C46,2,0,0,1
1,1,0,21.0,2,2,262.375,B57 B59 B63 B66,5,0,0,0
0,3,1,24.0,1,0,16.1,Unknown,2,0,0,1
1,3,1,31.0,0,0,7.925,Unknown,1,1,0,1
0,1,1,70.0,1,1,71.0,B22,3,0,0,1
0,3,1,16.0,1,1,20.25,Unknown,3,0,0,1
1,2,0,30.0,0,0,13.0,Unknown,1,1,0,1
0,1,1,19.0,1,0,53.1,D30,2,0,0,1
0,3,1,31.0,0,0,7.75,Unknown,1,1,1,0
1,2,0,4.0,1,1,23.0,Unknown,3,0,0,1
1,3,1,6.0,0,1,12.475,E121,2,0,0,1
0,3,1,33.0,0,0,9.5,Unknown,1,1,0,1
0,3,1,23.0,0,0,7.8958,Unknown,1,1,0,1
1,2,0,48.0,1,2,65.0,Unknown,4,0,0,1
1,2,1,0.67,1,1,14.5,Unknown,3,0,0,1
0,3,1,28.0,0,0,7.7958,Unknown,1,1,0,1
0,2,1,18.0,0,0,11.5,Unknown,1,1,0,1
0,3,1,34.0,0,0,8.05,Unknown,1,1,0,1
1,1,0,33.0,0,0,86.5,B77,1,1,0,1
0,3,1,28.0,0,0,14.5,Unknown,1,1,0,1
0,3,1,41.0,0,0,7.125,Unknown,1,1,0,1
1,3,1,20.0,0,0,7.2292,Unknown,1,1,0,0
1,1,0,36.0,1,2,120.0,B96 B98,4,0,0,1
0,3,1,16.0,0,0,7.775,Unknown,1,1,0,1
1,1,0,51.0,1,0,77.9583,D11,2,0,0,1
0,1,1,28.0,0,0,39.6,Unknown,1,1,0,0
0,3,0,30.5,0,0,7.75,Unknown,1,1,1,0
0,3,1,28.0,1,0,24.15,Unknown,2,0,1,0
0,3,1,32.0,0,0,8.3625,Unknown,1,1,0,1
0,3,1,24.0,0,0,9.5,Unknown,1,1,0,1
0,3,1,48.0,0,0,7.8542,Unknown,1,1,0,1
0,2,0,57.0,0,0,10.5,E77,1,1,0,1
0,3,1,28.0,0,0,7.225,Unknown,1,1,0,0
1,2,0,54.0,1,3,23.0,Unknown,5,0,0,1
0,3,1,18.0,0,0,7.75,Unknown,1,1,0,1
0,3,1,28.0,0,0,7.75,F38,1,1,1,0
1,3,0,5.0,0,0,12.475,Unknown,1,1,0,1
0,3,1,28.0,0,0,7.7375,Unknown,1,1,1,0
1,1,0,43.0,0,1,211.3375,B3,2,0,0,1
1,3,0,13.0,0,0,7.2292,Unknown,1,1,0,0
1,1,0,17.0,1,0,57.0,B20,2,0,0,1
0,1,1,29.0,0,0,30.0,D6,1,1,0,1
0,3,1,28.0,1,2,23.45,Unknown,4,0,0,1
0,3,1,25.0,0,0,7.05,Unknown,1,1,0,1
0,3,1,25.0,0,0,7.25,Unknown,1,1,0,1
1,3,0,18.0,0,0,7.4958,Unknown,1,1,0,1
0,3,1,8.0,4,1,29.125,Unknown,6,0,1,0
1,3,1,1.0,1,2,20.575,Unknown,4,0,0,1
0,1,1,46.0,0,0,79.2,B82 B84,1,1,0,0
0,3,1,28.0,0,0,7.75,Unknown,1,1,1,0
0,2,1,16.0,0,0,26.0,Unknown,1,1,0,1
0,3,0,28.0,8,2,69.55,Unknown,11,0,0,1
0,1,1,28.0,0,0,30.6958,Unknown,1,1,0,0
0,3,1,25.0,0,0,7.8958,Unknown,1,1,0,1
0,2,1,39.0,0,0,13.0,Unknown,1,1,0,1
1,1,0,49.0,0,0,25.9292,D17,1,1,0,1
1,3,0,31.0,0,0,8.6833,Unknown,1,1,0,1
0,3,1,30.0,0,0,7.2292,Unknown,1,1,0,0
0,3,0,30.0,1,1,24.15,Unknown,3,0,0,1
0,2,1,34.0,0,0,13.0,Unknown,1,1,0,1
1,2,0,31.0,1,1,26.25,Unknown,3,0,0,1
1,1,1,11.0,1,2,120.0,B96 B98,4,0,0,1
1,3,1,0.42,0,1,8.5167,Unknown,2,0,0,0
1,3,1,27.0,0,0,6.975,Unknown,1,1,0,1
0,3,1,31.0,0,0,7.775,Unknown,1,1,0,1
0,1,1,39.0,0,0,0.0,A36,1,1,0,1
0,3,0,18.0,0,0,7.775,Unknown,1,1,0,1
0,2,1,39.0,0,0,13.0,Unknown,1,1,0,1
1,1,0,33.0,1,0,53.1,E8,2,0,0,1
0,3,1,26.0,0,0,7.8875,Unknown,1,1,0,1
0,3,1,39.0,0,0,24.15,Unknown,1,1,0,1
0,2,1,35.0,0,0,10.5,Unknown,1,1,0,1
0,3,0,6.0,4,2,31.275,Unknown,7,0,0,1
0,3,1,30.5,0,0,8.05,Unknown,1,1,0,1
0,1,1,28.0,0,0,0.0,B102,1,1,0,1
0,3,0,23.0,0,0,7.925,Unknown,1,1,0,1
0,2,1,31.0,1,1,37.0042,Unknown,3,0,0,0
0,3,1,43.0,0,0,6.45,Unknown,1,1,0,1
0,3,1,10.0,3,2,27.9,Unknown,6,0,0,1
1,1,0,52.0,1,1,93.5,B69,3,0,0,1
1,3,1,27.0,0,0,8.6625,Unknown,1,1,0,1
0,1,1,38.0,0,0,0.0,Unknown,1,1,0,1
1,3,0,27.0,0,1,12.475,E121,2,0,0,1
0,3,1,2.0,4,1,39.6875,Unknown,6,0,0,1
0,3,1,28.0,0,0,6.95,Unknown,1,1,1,0
0,3,1,28.0,0,0,56.4958,Unknown,1,1,0,1
1,2,1,1.0,0,2,37.0042,Unknown,3,0,0,0
1,3,1,28.0,0,0,7.75,Unknown,1,1,1,0
1,1,0,62.0,0,0,80.0,B28,1,1,0,1
1,3,0,15.0,1,0,14.4542,Unknown,2,0,0,0
1,2,1,0.83,1,1,18.75,Unknown,3,0,0,1
0,3,1,28.0,0,0,7.2292,Unknown,1,1,0,0
0,3,1,23.0,0,0,7.8542,Unknown,1,1,0,1
0,3,1,18.0,0,0,8.3,Unknown,1,1,0,1
1,1,0,39.0,1,1,83.1583,E49,3,0,0,0
0,3,1,21.0,0,0,8.6625,Unknown,1,1,0,1
0,3,1,28.0,0,0,8.05,Unknown,1,1,0,1
1,3,1,32.0,0,0,56.4958,Unknown,1,1,0,1
1,1,1,28.0,0,0,29.7,C47,1,1,0,0
0,3,1,20.0,0,0,7.925,Unknown,1,1,0,1
0,2,1,16.0,0,0,10.5,Unknown,1,1,0,1
1,1,0,30.0,0,0,31.0,Unknown,1,1,0,0
0,3,1,34.5,0,0,6.4375,Unknown,1,1,0,0
0,3,1,17.0,0,0,8.6625,Unknown,1,1,0,1
0,3,1,42.0,0,0,7.55,Unknown,1,1,0,1
0,3,1,28.0,8,2,69.55,Unknown,11,0,0,1
0,3,1,35.0,0,0,7.8958,Unknown,1,1,0,0
0,2,1,28.0,0,1,33.0,Unknown,2,0,0,1
1,1,0,28.0,1,0,89.1042,C92,2,0,0,0
0,3,1,4.0,4,2,31.275,Unknown,7,0,0,1
0,3,1,74.0,0,0,7.775,Unknown,1,1,0,1
0,3,0,9.0,1,1,15.2458,Unknown,3,0,0,0
1,1,0,16.0,0,1,39.4,D28,2,0,0,1
0,2,0,44.0,1,0,26.0,Unknown,2,0,0,1
1,3,0,18.0,0,1,9.35,Unknown,2,0,0,1
1,1,0,45.0,1,1,164.8667,Unknown,3,0,0,1
1,1,1,51.0,0,0,26.55,E17,1,1,0,1
1,3,0,24.0,0,3,19.2583,Unknown,4,0,0,0
0,3,1,28.0,0,0,7.2292,Unknown,1,1,0,0
0,3,1,41.0,2,0,14.1083,Unknown,3,0,0,1
0,2,1,21.0,1,0,11.5,Unknown,2,0,0,1
1,1,0,48.0,0,0,25.9292,D17,1,1,0,1
0,3,0,28.0,8,2,69.55,Unknown,11,0,0,1
0,2,1,24.0,0,0,13.0,Unknown,1,1,0,1
1,2,0,42.0,0,0,13.0,Unknown,1,1,0,1
1,2,0,27.0,1,0,13.8583,Unknown,2,0,0,0
0,1,1,31.0,0,0,50.4958,A24,1,1,0,1
0,3,1,28.0,0,0,9.5,Unknown,1,1,0,1
1,3,1,4.0,1,1,11.1333,Unknown,3,0,0,1
0,3,1,26.0,0,0,7.8958,Unknown,1,1,0,1
1,1,0,47.0,1,1,52.5542,D35,3,0,0,1
0,1,1,33.0,0,0,5.0,B51 B53 B55,1,1,0,1
0,3,1,47.0,0,0,9.0,Unknown,1,1,0,1
1,2,0,28.0,1,0,24.0,Unknown,2,0,0,0
1,3,0,15.0,0,0,7.225,Unknown,1,1,0,0
0,3,1,20.0,0,0,9.8458,Unknown,1,1,0,1
0,3,1,19.0,0,0,7.8958,Unknown,1,1,0,1
0,3,1,28.0,0,0,7.8958,Unknown,1,1,0,1
1,1,0,56.0,0,1,83.1583,C50,2,0,0,0
1,2,0,25.0,0,1,26.0,Unknown,2,0,0,1
0,3,1,33.0,0,0,7.8958,Unknown,1,1,0,1
0,3,0,22.0,0,0,10.5167,Unknown,1,1,0,1
0,2,1,28.0,0,0,10.5,Unknown,1,1,0,1
0,3,1,25.0,0,0,7.05,Unknown,1,1,0,1
0,3,0,39.0,0,5,29.125,Unknown,6,0,1,0
0,2,1,27.0,0,0,13.0,Unknown,1,1,0,1
1,1,0,19.0,0,0,30.0,B42,1,1,0,1
0,3,0,28.0,1,2,23.45,Unknown,4,0,0,1
1,1,1,26.0,0,0,30.0,C148,1,1,0,0
0,3,1,32.0,0,0,7.75,Unknown,1,1,1,0
